{
  "mlp_lr_sweep": {
    "lrs": [
      0.0001,
      0.0003,
      0.001,
      0.003,
      0.01,
      0.03,
      0.1
    ],
    "f1": [
      0.320286790491101,
      0.4921281837484563,
      0.6326705110488569,
      0.7318787011970632,
      0.7155896350401099,
      0.7113705735371962,
      0.7093497435646178
    ],
    "f1_std": [
      0.03461983915192797,
      0.014716970657760491,
      0.06114730599822564,
      0.06249450654847759,
      0.03959003078767281,
      0.033053874761423546,
      0.04399233245127911
    ],
    "best_lr": 0.003
  },
  "mlp_arch_sweep": {
    "archs": [
      "(32,)",
      "(64,)",
      "(128,)",
      "(64, 32)",
      "(128, 64)",
      "(128, 64, 32)"
    ],
    "f1": [
      0.6979431433338584,
      0.6946666681647512,
      0.7168489349245839,
      0.7438658180602676,
      0.7335569076622097,
      0.7203309983002275
    ],
    "best_arch": "(64, 32)"
  },
  "kmeans_k_sweep": {
    "Ks": [
      3,
      5,
      10,
      15,
      20,
      30,
      50
    ],
    "f1": [
      0.3109327245440495,
      0.34131467050391534,
      0.381530250106257,
      0.3780840985169261,
      0.4212878315114382,
      0.47190452889788126,
      0.5490308949162458
    ],
    "inertias": [
      14717.203196174067,
      13690.678453945977,
      11864.535578135241,
      10945.99365029523,
      10423.440488397933,
      9529.766918166215,
      8469.703712945657
    ],
    "best_K": 50
  },
  "kmeans_init_compare": {
    "random": {
      "inertia_mean": 8543.405983811963,
      "inertia_std": 27.297922263923336,
      "f1_mean": 0.5883263024531643,
      "f1_std": 0.0669975811674376
    },
    "kmeans++": {
      "inertia_mean": 8571.110677140116,
      "inertia_std": 69.7854233266704,
      "f1_mean": 0.565945190541925,
      "f1_std": 0.05776827722889842
    },
    "best-of-10": {
      "inertia_mean": 8483.503641137064,
      "inertia_std": 20.68857224898458,
      "f1_mean": 0.5763313934427975,
      "f1_std": 0.06660169471062144
    },
    "km++ x10": {
      "inertia_mean": 8476.346002951774,
      "inertia_std": 16.2011056805211,
      "f1_mean": 0.5937601446076258,
      "f1_std": 0.038337786117409005
    }
  },
  "mlp_ablation": {
    "relu": {
      "f1_mean": 0.6912568324845951,
      "f1_std": 0.05074066080603585
    },
    "sigmoid": {
      "f1_mean": 0.5129838035775643,
      "f1_std": 0.027611860783464316
    },
    "ce": {
      "f1_mean": 0.7096679681310605,
      "f1_std": 0.053984861213286495
    },
    "mse_oh": {
      "f1_mean": 0.5897038764470659,
      "f1_std": 0.07381666910367324
    },
    "beta_0": {
      "f1_mean": 0.48046546100419896,
      "f1_std": 0.037971350201976325
    },
    "beta_0.5": {
      "f1_mean": 0.5622961573439751,
      "f1_std": 0.05083979700586169
    },
    "beta_0.9": {
      "f1_mean": 0.7361295420245824,
      "f1_std": 0.05045248963089757
    },
    "bs_8": {
      "f1_mean": 0.7135345567462816,
      "f1_std": 0.04095747232344128
    },
    "bs_128": {
      "f1_mean": 0.5497644988217899,
      "f1_std": 0.05023978790753908
    },
    "ep_10": {
      "f1_mean": 0.5411161176858006,
      "f1_std": 0.04095765345463187
    },
    "ep_100": {
      "f1_mean": 0.7371653369248808,
      "f1_std": 0.04957019319184353
    },
    "wd_1e-4": {
      "f1_mean": 0.7129147216997853,
      "f1_std": 0.052343720932736024
    },
    "wd_1e-3": {
      "f1_mean": 0.7201360650258821,
      "f1_std": 0.054187599831255824
    },
    "wd_1e-2": {
      "f1_mean": 0.7107488969579898,
      "f1_std": 0.06866116121172679
    },
    "do_0.1": {
      "f1_mean": 0.7255296705762031,
      "f1_std": 0.053712365022182434
    },
    "do_0.3": {
      "f1_mean": 0.7128987924206751,
      "f1_std": 0.0636516759189554
    },
    "do_0.5": {
      "f1_mean": 0.5767129516054622,
      "f1_std": 0.0381468130223713
    },
    "early_stop_p5": {
      "f1_mean": 0.6790884760059896,
      "f1_std": 0.07964957002313607,
      "stopped_epoch_mean": 29.0,
      "stopped_epoch_std": 5.89915248150105
    }
  },
  "mlp_reg_lr_sweep": {
    "lrs": [
      0.0001,
      0.0003,
      0.001,
      0.003,
      0.01,
      0.03,
      0.1
    ],
    "mse": [
      1.2460705306316489,
      1.1264321564821798,
      1.1786917696756327,
      1.3306874527314028,
      1.6503416005009395,
      1.8069088003423293,
      4.212965275539579
    ],
    "mse_std": [
      0.13263558043149667,
      0.11373908943060929,
      0.09201538209032853,
      0.10760594504388311,
      0.11107047450985359,
      0.0218902817913605,
      0.3502475120048228
    ],
    "best_lr": 0.0003
  },
  "final": {
    "mlp_clf": {
      "test_acc": 85.75,
      "test_f1": 0.777618251954535,
      "fit_time": 0.1011343002319336,
      "config": {
        "hidden": [
          64,
          32
        ],
        "lr": 0.003,
        "beta": 0.9,
        "epochs": 40,
        "batch_size": 32
      },
      "per_class": {
        "0": [
          0.9052631578947369,
          0.9214285714285714,
          0.9132743362831858
        ],
        "1": [
          0.7450980392156863,
          0.7102803738317757,
          0.7272727272727272
        ],
        "2": [
          0.6923076923076923,
          0.6923076923076923,
          0.6923076923076923
        ]
      }
    },
    "mlp_reg": {
      "test_mse": 1.0268463847071687,
      "fit_time": 0.09028291702270508,
      "config": {
        "hidden": [
          64,
          32
        ],
        "lr": 0.0003,
        "beta": 0.9,
        "epochs": 40,
        "batch_size": 32
      }
    },
    "km_clf": {
      "test_acc": 76.0,
      "test_f1": 0.6336300144300145,
      "fit_time": 0.12848281860351562,
      "config": {
        "K": 50,
        "init": "kmeans++",
        "n_restarts": 10
      },
      "per_class": {
        "0": [
          0.7768115942028986,
          0.9571428571428572,
          0.8576000000000001
        ],
        "1": [
          0.6170212765957447,
          0.27102803738317754,
          0.3766233766233766
        ],
        "2": [
          0.875,
          0.5384615384615384,
          0.6666666666666667
        ]
      }
    }
  },
  "mlp_final_seed_sweep": {
    "seeds": [
      0,
      1,
      2,
      3,
      4,
      5,
      6,
      7,
      8,
      9
    ],
    "clf_acc": {
      "values": [
        84.75,
        86.0,
        85.5,
        85.5,
        85.75,
        86.0,
        86.75,
        85.5,
        86.0,
        85.75
      ],
      "mean": 85.75,
      "std": 0.48733971724044817
    },
    "clf_f1": {
      "values": [
        0.7800438074572976,
        0.7778624540234448,
        0.7717332261234701,
        0.7978963245217116,
        0.8241820180343038,
        0.7967591908736519,
        0.8358823014441593,
        0.7717332261234701,
        0.7840832355910344,
        0.7907444217184084
      ],
      "mean": 0.7930920205910952,
      "std": 0.020580055258259625
    },
    "reg_mse": {
      "values": [
        1.0724826412821613,
        1.0745804108819,
        1.0331356168576793,
        1.0873342701903015,
        1.0634008398802697,
        1.0521630368299626,
        1.0524818587859242,
        1.0862553441670697,
        1.0569494631611764,
        1.0452762462047995
      ],
      "mean": 1.0624059728241244,
      "std": 0.01680571039886807
    }
  }
}