{
  "mlp_lr_sweep": {
    "lrs": [
      0.0001,
      0.0003,
      0.001,
      0.003,
      0.01,
      0.03,
      0.1
    ],
    "f1": [
      0.320286790491101,
      0.4921281837484563,
      0.6326705110488569,
      0.7318787011970632,
      0.7155896350401099,
      0.7113705735371962,
      0.7093497435646178
    ],
    "f1_std": [
      0.03461983915192797,
      0.014716970657760491,
      0.06114730599822564,
      0.06249450654847759,
      0.03959003078767281,
      0.033053874761423546,
      0.04399233245127911
    ],
    "best_lr": 0.003
  },
  "mlp_arch_sweep": {
    "archs": [
      "(32,)",
      "(64,)",
      "(128,)",
      "(64, 32)",
      "(128, 64)",
      "(128, 64, 32)"
    ],
    "f1": [
      0.7299593333708867,
      0.714552640780919,
      0.6992214562923131,
      0.7219880812657011,
      0.7269048286808184,
      0.7257677978678297
    ],
    "best_arch": "(32,)"
  },
  "kmeans_k_sweep": {
    "Ks": [
      3,
      5,
      10,
      15,
      20,
      30,
      50
    ],
    "f1": [
      0.27288252662659496,
      0.30035586163961253,
      0.37490868873472794,
      0.4069398399595179,
      0.45226647483109084,
      0.5457110420322817,
      0.5127293572676864
    ],
    "inertias": [
      14716.896900799355,
      13731.310663808848,
      11899.444035957447,
      11024.152724261912,
      10386.817674718754,
      9579.561693859374,
      8498.715458470018
    ],
    "best_K": 30
  },
  "kmeans_init_compare": {
    "random": {
      "inertia_mean": 9622.906318067731,
      "inertia_std": 46.28964478244338,
      "f1_mean": 0.5786286883376076,
      "f1_std": 0.065953624478127
    },
    "kmeans++": {
      "inertia_mean": 9646.446683381655,
      "inertia_std": 57.830261336719374,
      "f1_mean": 0.5533266007826705,
      "f1_std": 0.08677405629215428
    },
    "best-of-10": {
      "inertia_mean": 9566.75027876315,
      "inertia_std": 21.839930382969147,
      "f1_mean": 0.5768884429441307,
      "f1_std": 0.08862870785031599
    },
    "km++ x10": {
      "inertia_mean": 9562.511181298021,
      "inertia_std": 17.420626683125906,
      "f1_mean": 0.5573620930254684,
      "f1_std": 0.07768505900999262
    }
  },
  "final": {
    "mlp_clf": {
      "test_acc": 86.25,
      "test_f1": 0.7978497350676444,
      "fit_time": 0.06047511100769043,
      "config": {
        "hidden": [
          32
        ],
        "lr": 0.003,
        "beta": 0.9,
        "epochs": 40,
        "batch_size": 32
      }
    },
    "mlp_reg": {
      "test_mse": 1.1007359588808037,
      "fit_time": 0.04810523986816406,
      "config": {
        "hidden": [
          32
        ],
        "lr": 0.003,
        "beta": 0.9,
        "epochs": 40,
        "batch_size": 32
      }
    },
    "km_clf": {
      "test_acc": 72.75,
      "test_f1": 0.6033370138633297,
      "fit_time": 0.1819291114807129,
      "config": {
        "K": 30,
        "init": "kmeans++",
        "n_restarts": 10
      }
    }
  }
}